Sample name	Sex	Biosample ID	Population code	Population name	Superpopulation code	Superpopulation name	Population elastic ID	Data collections
HG00404	female	SAME123158	CHS	Southern Han Chinese	EAS	East Asian Ancestry	CHS	1000 Genomes on GRCh38,1000 Genomes 30x on GRCh38,1000 Genomes phase 3 release,1000 Genomes phase 1 release
HG00409	male	SAME1840026	CHS	Southern Han Chinese	EAS	East Asian Ancestry	CHS	1000 Genomes on GRCh38,1000 Genomes 30x on GRCh38,1000 Genomes phase 3 release
HG00411	male	SAME1839726	CHS	Southern Han Chinese	EAS	East Asian Ancestry	CHS	
HG00423	female	SAME122810	CHS	Southern Han Chinese	EAS	East Asian Ancestry	CHS	1000 Genomes 30x on GRCh38,1000 Genomes phase 3 release
HG00428	female	SAME122811	CHS	Southern Han Chinese	EAS	East Asian Ancestry	CHS	1000 Genomes on GRCh38,1000 Genomes 30x on GRCh38,1000 Genomes phase 3 release,1000 Genomes phase 1 release,90 Han Chinese high coverage genomes
HG00442	male	SAME124912	CHS	Southern Han Chinese	EAS	East Asian Ancestry	CHS	1000 Genomes on GRCh38,1000 Genomes 30x on GRCh38,1000 Genomes phase 3 release,1000 Genomes phase 1 release,90 Han Chinese high coverage genomes
HG00447	female	SAME124953	CHS	Southern Han Chinese	EAS	East Asian Ancestry	CHS	1000 Genomes 30x on GRCh38,1000 Genomes phase 3 release
HG00459	male	SAME125269	CHS	Southern Han Chinese	EAS	East Asian Ancestry	CHS	1000 Genomes 30x on GRCh38,1000 Genomes phase 3 release
HG00403	male	SAME123160	CHS	Southern Han Chinese	EAS	East Asian Ancestry	CHS	1000 Genomes on GRCh38,1000 Genomes 30x on GRCh38,1000 Genomes phase 3 release,1000 Genomes phase 1 release
HG00473	female	SAME123338	CHS	Southern Han Chinese	EAS	East Asian Ancestry	CHS	1000 Genomes on GRCh38,1000 Genomes 30x on GRCh38,1000 Genomes phase 3 release,1000 Genomes phase 1 release,90 Han Chinese high coverage genomes
HG00408	female	SAME123155	CHS	Southern Han Chinese	EAS	East Asian Ancestry	CHS	1000 Genomes 30x on GRCh38,1000 Genomes phase 3 release
HG00410	female	SAME1839734	CHS	Southern Han Chinese	EAS	East Asian Ancestry	CHS	1000 Genomes on GRCh38,1000 Genomes 30x on GRCh38,1000 Genomes phase 3 release
HG00422	female	SAME122809	CHS	Southern Han Chinese	EAS	East Asian Ancestry	CHS	1000 Genomes on GRCh38,1000 Genomes 30x on GRCh38,1000 Genomes phase 3 release,1000 Genomes phase 1 release,90 Han Chinese high coverage genomes
HG00427	male	SAME122806	CHS	Southern Han Chinese	EAS	East Asian Ancestry	CHS	1000 Genomes on GRCh38,1000 Genomes 30x on GRCh38,1000 Genomes phase 3 release,1000 Genomes phase 1 release,90 Han Chinese high coverage genomes
HG00446	female	SAME123880	CHS	Southern Han Chinese	EAS	East Asian Ancestry	CHS	1000 Genomes on GRCh38,1000 Genomes 30x on GRCh38,1000 Genomes phase 3 release,1000 Genomes phase 1 release
HG00453	female	SAME123113	CHS	Southern Han Chinese	EAS	East Asian Ancestry	CHS	1000 Genomes 30x on GRCh38,1000 Genomes phase 3 release
HG00458	female	SAME125278	CHS	Southern Han Chinese	EAS	East Asian Ancestry	CHS	1000 Genomes on GRCh38,1000 Genomes 30x on GRCh38,1000 Genomes phase 3 release,1000 Genomes phase 1 release
HG00465	male	SAME123498	CHS	Southern Han Chinese	EAS	East Asian Ancestry	CHS	1000 Genomes 30x on GRCh38,1000 Genomes phase 3 release
HG00472	male	SAME123339	CHS	Southern Han Chinese	EAS	East Asian Ancestry	CHS	1000 Genomes on GRCh38,1000 Genomes 30x on GRCh38,1000 Genomes phase 3 release,1000 Genomes phase 1 release,90 Han Chinese high coverage genomes
HG00478	male	SAME123335	CHS	Southern Han Chinese	EAS	East Asian Ancestry	CHS	1000 Genomes on GRCh38,1000 Genomes 30x on GRCh38,1000 Genomes phase 3 release,1000 Genomes phase 1 release,90 Han Chinese high coverage genomes
HG00480	male	SAME124617	CHS	Southern Han Chinese	EAS	East Asian Ancestry	CHS	1000 Genomes 30x on GRCh38,1000 Genomes phase 3 release
HG00500	male	SAME123363	CHS	Southern Han Chinese	EAS	East Asian Ancestry	CHS	1000 Genomes on GRCh38,1000 Genomes 30x on GRCh38,1000 Genomes phase 3 release,1000 Genomes phase 1 release,90 Han Chinese high coverage genomes
HG00512	male	SAME123525	CHS	Southern Han Chinese	EAS	East Asian Ancestry	CHS	1000 Genomes on GRCh38,1000 Genomes 30x on GRCh38,Human Genome Structural Variation Consortium, Phase 2,The Human Genome Structural Variation Consortium,1000 Genomes phase 3 release,1000 Genomes phase 1 release
HG00524	male	SAME123724	CHS	Southern Han Chinese	EAS	East Asian Ancestry	CHS	1000 Genomes on GRCh38,1000 Genomes 30x on GRCh38,1000 Genomes phase 3 release,1000 Genomes phase 1 release,90 Han Chinese high coverage genomes
HG00531	female	SAME125381	CHS	Southern Han Chinese	EAS	East Asian Ancestry	CHS	1000 Genomes on GRCh38,1000 Genomes 30x on GRCh38,1000 Genomes phase 3 release,1000 Genomes phase 1 release,90 Han Chinese high coverage genomes
HG00536	male	SAME124344	CHS	Southern Han Chinese	EAS	East Asian Ancestry	CHS	1000 Genomes on GRCh38,1000 Genomes 30x on GRCh38,1000 Genomes phase 3 release,1000 Genomes phase 1 release,90 Han Chinese high coverage genomes
HG00543	female	SAME122857	CHS	Southern Han Chinese	EAS	East Asian Ancestry	CHS	1000 Genomes on GRCh38,1000 Genomes 30x on GRCh38,1000 Genomes phase 3 release,1000 Genomes phase 1 release
HG00567	male	SAME124453	CHS	Southern Han Chinese	EAS	East Asian Ancestry	CHS	1000 Genomes 30x on GRCh38,1000 Genomes phase 3 release
HG00579	female	SAME123530	CHS	Southern Han Chinese	EAS	East Asian Ancestry	CHS	1000 Genomes 30x on GRCh38,1000 Genomes phase 3 release
HG00581	female	SAME124831	CHS	Southern Han Chinese	EAS	East Asian Ancestry	CHS	1000 Genomes on GRCh38,1000 Genomes 30x on GRCh38,1000 Genomes phase 3 release,1000 Genomes phase 1 release
HG00477	male	SAME123340	CHS	Southern Han Chinese	EAS	East Asian Ancestry	CHS	1000 Genomes 30x on GRCh38,1000 Genomes phase 3 release
HG00530	male	SAME124356	CHS	Southern Han Chinese	EAS	East Asian Ancestry	CHS	1000 Genomes on GRCh38,1000 Genomes 30x on GRCh38,1000 Genomes phase 3 release,1000 Genomes phase 1 release,90 Han Chinese high coverage genomes
HG00535	male	SAME124348	CHS	Southern Han Chinese	EAS	East Asian Ancestry	CHS	1000 Genomes 30x on GRCh38,1000 Genomes phase 3 release
HG00542	male	SAME124352	CHS	Southern Han Chinese	EAS	East Asian Ancestry	CHS	1000 Genomes on GRCh38,1000 Genomes 30x on GRCh38,1000 Genomes phase 3 release,1000 Genomes phase 1 release,90 Han Chinese high coverage genomes
HG00651	female	SAME123966	CHS	Southern Han Chinese	EAS	East Asian Ancestry	CHS	1000 Genomes on GRCh38,1000 Genomes 30x on GRCh38,1000 Genomes phase 3 release,1000 Genomes phase 1 release
HG00559	male	SAME124248	CHS	Southern Han Chinese	EAS	East Asian Ancestry	CHS	1000 Genomes on GRCh38,1000 Genomes 30x on GRCh38,1000 Genomes phase 3 release,1000 Genomes phase 1 release
HG00656	male	SAME123233	CHS	Southern Han Chinese	EAS	East Asian Ancestry	CHS	1000 Genomes on GRCh38,1000 Genomes 30x on GRCh38,1000 Genomes phase 3 release,1000 Genomes phase 1 release,90 Han Chinese high coverage genomes
HG00561	female	SAME124455	CHS	Southern Han Chinese	EAS	East Asian Ancestry	CHS	1000 Genomes 30x on GRCh38,1000 Genomes phase 3 release
HG00663	female	SAME123813	CHS	Southern Han Chinese	EAS	East Asian Ancestry	CHS	1000 Genomes on GRCh38,1000 Genomes 30x on GRCh38,1000 Genomes phase 3 release,1000 Genomes phase 1 release,90 Han Chinese high coverage genomes
HG00566	female	SAME125048	CHS	Southern Han Chinese	EAS	East Asian Ancestry	CHS	1000 Genomes on GRCh38,1000 Genomes 30x on GRCh38,1000 Genomes phase 3 release,1000 Genomes phase 1 release
HG00675	female	SAME1840076	CHS	Southern Han Chinese	EAS	East Asian Ancestry	CHS	1000 Genomes on GRCh38,1000 Genomes 30x on GRCh38,1000 Genomes phase 3 release
HG00578	female	SAME123528	CHS	Southern Han Chinese	EAS	East Asian Ancestry	CHS	1000 Genomes on GRCh38,1000 Genomes 30x on GRCh38,1000 Genomes phase 3 release,1000 Genomes phase 1 release
HG00694	male	SAME123154	CHS	Southern Han Chinese	EAS	East Asian Ancestry	CHS	1000 Genomes 30x on GRCh38,1000 Genomes phase 3 release
HG00580	male	SAME124832	CHS	Southern Han Chinese	EAS	East Asian Ancestry	CHS	1000 Genomes on GRCh38,1000 Genomes 30x on GRCh38,1000 Genomes phase 3 release,1000 Genomes phase 1 release,90 Han Chinese high coverage genomes
HG00699	female	SAME123165	CHS	Southern Han Chinese	EAS	East Asian Ancestry	CHS	1000 Genomes on GRCh38,1000 Genomes 30x on GRCh38,1000 Genomes phase 3 release,1000 Genomes phase 1 release,90 Han Chinese high coverage genomes
HG00585	female	SAME124722	CHS	Southern Han Chinese	EAS	East Asian Ancestry	CHS	1000 Genomes 30x on GRCh38,1000 Genomes phase 3 release
HG00702	female	SAME122934	CHS	Southern Han Chinese	EAS	East Asian Ancestry	CHS	1000 Genomes on GRCh38,1000 Genomes 30x on GRCh38,1000 Genomes phase 3 release,1000 Genomes phase 1 release
HG00718	male	SAME123114	CHS	Southern Han Chinese	EAS	East Asian Ancestry	CHS	1000 Genomes phase 3 release
HG00707	male	SAME122929	CHS	Southern Han Chinese	EAS	East Asian Ancestry	CHS	1000 Genomes on GRCh38,1000 Genomes 30x on GRCh38,1000 Genomes phase 3 release,1000 Genomes phase 1 release
HG00593	female	SAME125012	CHS	Southern Han Chinese	EAS	East Asian Ancestry	CHS	1000 Genomes on GRCh38,1000 Genomes 30x on GRCh38,1000 Genomes phase 3 release,1000 Genomes phase 1 release
HG00598	male	SAME1839713	CHS	Southern Han Chinese	EAS	East Asian Ancestry	CHS	1000 Genomes on GRCh38,1000 Genomes 30x on GRCh38,1000 Genomes phase 3 release
HG00613	male	SAME125196	CHS	Southern Han Chinese	EAS	East Asian Ancestry	CHS	1000 Genomes on GRCh38,1000 Genomes 30x on GRCh38,1000 Genomes phase 3 release,1000 Genomes phase 1 release
HG00650	male	SAME123254	CHS	Southern Han Chinese	EAS	East Asian Ancestry	CHS	1000 Genomes on GRCh38,1000 Genomes 30x on GRCh38,1000 Genomes phase 3 release,1000 Genomes phase 1 release
HG00620	female	SAME123081	CHS	Southern Han Chinese	EAS	East Asian Ancestry	CHS	1000 Genomes on GRCh38,1000 Genomes 30x on GRCh38,1000 Genomes phase 3 release,1000 Genomes phase 1 release,90 Han Chinese high coverage genomes
HG00655	female	SAME123257	CHS	Southern Han Chinese	EAS	East Asian Ancestry	CHS	1000 Genomes 30x on GRCh38,1000 Genomes phase 3 release
HG00625	male	SAME123080	CHS	Southern Han Chinese	EAS	East Asian Ancestry	CHS	1000 Genomes on GRCh38,1000 Genomes 30x on GRCh38,1000 Genomes phase 3 release,1000 Genomes phase 1 release
HG00662	male	SAME123812	CHS	Southern Han Chinese	EAS	East Asian Ancestry	CHS	1000 Genomes on GRCh38,1000 Genomes 30x on GRCh38,1000 Genomes phase 3 release,1000 Genomes phase 1 release
HG00632	female	SAME1839151	CHS	Southern Han Chinese	EAS	East Asian Ancestry	CHS	1000 Genomes on GRCh38,1000 Genomes 30x on GRCh38,1000 Genomes phase 3 release
HG00674	male	SAME1840080	CHS	Southern Han Chinese	EAS	East Asian Ancestry	CHS	1000 Genomes on GRCh38,1000 Genomes 30x on GRCh38,1000 Genomes phase 3 release
HG00693	female	SAME123683	CHS	Southern Han Chinese	EAS	East Asian Ancestry	CHS	1000 Genomes on GRCh38,1000 Genomes 30x on GRCh38,1000 Genomes phase 3 release,1000 Genomes phase 1 release
HG00698	male	SAME123693	CHS	Southern Han Chinese	EAS	East Asian Ancestry	CHS	1000 Genomes on GRCh38,1000 Genomes 30x on GRCh38,1000 Genomes phase 3 release,1000 Genomes phase 1 release,90 Han Chinese high coverage genomes
HG00701	male	SAME122931	CHS	Southern Han Chinese	EAS	East Asian Ancestry	CHS	1000 Genomes on GRCh38,1000 Genomes 30x on GRCh38,1000 Genomes phase 3 release,1000 Genomes phase 1 release
HG00706	male	SAME122930	CHS	Southern Han Chinese	EAS	East Asian Ancestry	CHS	1000 Genomes 30x on GRCh38,1000 Genomes phase 3 release
HG00592	male	SAME125011	CHS	Southern Han Chinese	EAS	East Asian Ancestry	CHS	1000 Genomes on GRCh38,1000 Genomes 30x on GRCh38,1000 Genomes phase 3 release,1000 Genomes phase 1 release
HG00597	female	SAME125008	CHS	Southern Han Chinese	EAS	East Asian Ancestry	CHS	1000 Genomes 30x on GRCh38,1000 Genomes phase 3 release
HG00600	female	SAME1839392	CHS	Southern Han Chinese	EAS	East Asian Ancestry	CHS	
HG00612	female	SAME125197	CHS	Southern Han Chinese	EAS	East Asian Ancestry	CHS	1000 Genomes 30x on GRCh38,1000 Genomes phase 3 release
HG00624	male	SAME1839274	CHS	Southern Han Chinese	EAS	East Asian Ancestry	CHS	
HG00629	female	SAME123086	CHS	Southern Han Chinese	EAS	East Asian Ancestry	CHS	1000 Genomes on GRCh38,1000 Genomes 30x on GRCh38,1000 Genomes phase 3 release,1000 Genomes phase 1 release
HG00631	male	SAME1839060	CHS	Southern Han Chinese	EAS	East Asian Ancestry	CHS	1000 Genomes on GRCh38,1000 Genomes 30x on GRCh38,1000 Genomes phase 3 release
HG00636	male	SAME123711	CHS	Southern Han Chinese	EAS	East Asian Ancestry	CHS	1000 Genomes 30x on GRCh38,1000 Genomes phase 3 release
HG00501	female	SAME123362	CHS	Southern Han Chinese	EAS	East Asian Ancestry	CHS	1000 Genomes on GRCh38,1000 Genomes 30x on GRCh38,1000 Genomes phase 3 release,1000 Genomes phase 1 release
HG00513	female	SAME123526	CHS	Southern Han Chinese	EAS	East Asian Ancestry	CHS	1000 Genomes on GRCh38,1000 Genomes 30x on GRCh38,Human Genome Structural Variation Consortium, Phase 2,The Human Genome Structural Variation Consortium,1000 Genomes phase 3 release,1000 Genomes phase 1 release,90 Han Chinese high coverage genomes
HG00525	female	SAME123242	CHS	Southern Han Chinese	EAS	East Asian Ancestry	CHS	1000 Genomes on GRCh38,1000 Genomes 30x on GRCh38,1000 Genomes phase 3 release,1000 Genomes phase 1 release,90 Han Chinese high coverage genomes
HG00532	male	SAME125268	CHS	Southern Han Chinese	EAS	East Asian Ancestry	CHS	1000 Genomes 30x on GRCh38,1000 Genomes phase 3 release
HG00537	female	SAME124345	CHS	Southern Han Chinese	EAS	East Asian Ancestry	CHS	1000 Genomes on GRCh38,1000 Genomes 30x on GRCh38,1000 Genomes phase 3 release,1000 Genomes phase 1 release,90 Han Chinese high coverage genomes
HG00544	female	SAME124086	CHS	Southern Han Chinese	EAS	East Asian Ancestry	CHS	1000 Genomes 30x on GRCh38,1000 Genomes phase 3 release
HG00556	male	SAME123971	CHS	Southern Han Chinese	EAS	East Asian Ancestry	CHS	1000 Genomes on GRCh38,1000 Genomes 30x on GRCh38,1000 Genomes phase 3 release,1000 Genomes phase 1 release,90 Han Chinese high coverage genomes
HG00582	female	SAME124830	CHS	Southern Han Chinese	EAS	East Asian Ancestry	CHS	1000 Genomes 30x on GRCh38,1000 Genomes phase 3 release
HG00405	female	SAME123159	CHS	Southern Han Chinese	EAS	East Asian Ancestry	CHS	1000 Genomes 30x on GRCh38,1000 Genomes phase 3 release
HG00429	male	SAME122812	CHS	Southern Han Chinese	EAS	East Asian Ancestry	CHS	1000 Genomes 30x on GRCh38,1000 Genomes phase 3 release
HG00436	male	SAME125262	CHS	Southern Han Chinese	EAS	East Asian Ancestry	CHS	1000 Genomes on GRCh38,1000 Genomes 30x on GRCh38,1000 Genomes phase 3 release,1000 Genomes phase 1 release,90 Han Chinese high coverage genomes
HG00443	female	SAME124920	CHS	Southern Han Chinese	EAS	East Asian Ancestry	CHS	1000 Genomes on GRCh38,1000 Genomes 30x on GRCh38,1000 Genomes phase 3 release,1000 Genomes phase 1 release,90 Han Chinese high coverage genomes
HG00448	male	SAME124200	CHS	Southern Han Chinese	EAS	East Asian Ancestry	CHS	1000 Genomes on GRCh38,1000 Genomes 30x on GRCh38,1000 Genomes phase 3 release,1000 Genomes phase 1 release,90 Han Chinese high coverage genomes
HG00450	female	SAME125167	CHS	Southern Han Chinese	EAS	East Asian Ancestry	CHS	1000 Genomes 30x on GRCh38,1000 Genomes phase 3 release
HG00474	male	SAME123343	CHS	Southern Han Chinese	EAS	East Asian Ancestry	CHS	1000 Genomes 30x on GRCh38,1000 Genomes phase 3 release
HG00479	female	SAME123334	CHS	Southern Han Chinese	EAS	East Asian Ancestry	CHS	1000 Genomes on GRCh38,1000 Genomes 30x on GRCh38,1000 Genomes phase 3 release,1000 Genomes phase 1 release,90 Han Chinese high coverage genomes
HG00594	male	SAME125005	CHS	Southern Han Chinese	EAS	East Asian Ancestry	CHS	1000 Genomes 30x on GRCh38,1000 Genomes phase 3 release
HG00599	female	SAME1839802	CHS	Southern Han Chinese	EAS	East Asian Ancestry	CHS	1000 Genomes on GRCh38,1000 Genomes 30x on GRCh38,1000 Genomes phase 3 release
HG00607	male	SAME125373	CHS	Southern Han Chinese	EAS	East Asian Ancestry	CHS	1000 Genomes on GRCh38,1000 Genomes 30x on GRCh38,1000 Genomes phase 3 release,1000 Genomes phase 1 release
HG00614	female	SAME125195	CHS	Southern Han Chinese	EAS	East Asian Ancestry	CHS	1000 Genomes on GRCh38,1000 Genomes 30x on GRCh38,1000 Genomes phase 3 release,1000 Genomes phase 1 release
HG00619	male	SAME125193	CHS	Southern Han Chinese	EAS	East Asian Ancestry	CHS	1000 Genomes on GRCh38,1000 Genomes 30x on GRCh38,1000 Genomes phase 3 release,1000 Genomes phase 1 release,90 Han Chinese high coverage genomes
HG00407	female	SAME125106	CHS	Southern Han Chinese	EAS	East Asian Ancestry	CHS	1000 Genomes on GRCh38,1000 Genomes 30x on GRCh38,1000 Genomes phase 3 release,1000 Genomes phase 1 release
HG00621	male	SAME123082	CHS	Southern Han Chinese	EAS	East Asian Ancestry	CHS	1000 Genomes 30x on GRCh38,1000 Genomes phase 3 release
HG00419	female	SAME122991	CHS	Southern Han Chinese	EAS	East Asian Ancestry	CHS	1000 Genomes on GRCh38,1000 Genomes 30x on GRCh38,1000 Genomes phase 3 release,1000 Genomes phase 1 release
HG00626	female	SAME123078	CHS	Southern Han Chinese	EAS	East Asian Ancestry	CHS	1000 Genomes on GRCh38,1000 Genomes 30x on GRCh38,1000 Genomes phase 3 release,1000 Genomes phase 1 release
HG00421	male	SAME122808	CHS	Southern Han Chinese	EAS	East Asian Ancestry	CHS	1000 Genomes on GRCh38,1000 Genomes 30x on GRCh38,1000 Genomes phase 3 release,1000 Genomes phase 1 release,90 Han Chinese high coverage genomes
HG00633	male	SAME1839144	CHS	Southern Han Chinese	EAS	East Asian Ancestry	CHS	
HG00438	female	SAME125267	CHS	Southern Han Chinese	EAS	East Asian Ancestry	CHS	1000 Genomes 30x on GRCh38,1000 Genomes phase 3 release
HG00445	male	SAME124975	CHS	Southern Han Chinese	EAS	East Asian Ancestry	CHS	1000 Genomes on GRCh38,1000 Genomes 30x on GRCh38,1000 Genomes phase 3 release,1000 Genomes phase 1 release
HG00452	female	SAME123115	CHS	Southern Han Chinese	EAS	East Asian Ancestry	CHS	1000 Genomes on GRCh38,1000 Genomes 30x on GRCh38,1000 Genomes phase 3 release,1000 Genomes phase 1 release
HG00457	male	SAME123095	CHS	Southern Han Chinese	EAS	East Asian Ancestry	CHS	1000 Genomes on GRCh38,1000 Genomes 30x on GRCh38,1000 Genomes phase 3 release,1000 Genomes phase 1 release
HG00464	female	SAME123497	CHS	Southern Han Chinese	EAS	East Asian Ancestry	CHS	1000 Genomes on GRCh38,1000 Genomes 30x on GRCh38,1000 Genomes phase 3 release,1000 Genomes phase 1 release
HG00476	female	SAME123341	CHS	Southern Han Chinese	EAS	East Asian Ancestry	CHS	1000 Genomes on GRCh38,1000 Genomes 30x on GRCh38,1000 Genomes phase 3 release,1000 Genomes phase 1 release,90 Han Chinese high coverage genomes
HG00729	female	SAME1840273	CHS	Southern Han Chinese	EAS	East Asian Ancestry	CHS	1000 Genomes on GRCh38,1000 Genomes 30x on GRCh38,1000 Genomes phase 3 release
HG00652	female	SAME123252	CHS	Southern Han Chinese	EAS	East Asian Ancestry	CHS	1000 Genomes 30x on GRCh38,1000 Genomes phase 3 release
HG00657	female	SAME123255	CHS	Southern Han Chinese	EAS	East Asian Ancestry	CHS	1000 Genomes on GRCh38,1000 Genomes 30x on GRCh38,1000 Genomes phase 3 release,1000 Genomes phase 1 release,90 Han Chinese high coverage genomes
HG00664	male	SAME123814	CHS	Southern Han Chinese	EAS	East Asian Ancestry	CHS	1000 Genomes 30x on GRCh38,1000 Genomes phase 3 release
HG00671	male	SAME123604	CHS	Southern Han Chinese	EAS	East Asian Ancestry	CHS	1000 Genomes on GRCh38,1000 Genomes 30x on GRCh38,1000 Genomes phase 3 release,1000 Genomes phase 1 release,90 Han Chinese high coverage genomes
HG00676	male	SAME1840071	CHS	Southern Han Chinese	EAS	East Asian Ancestry	CHS	
HG00683	male	SAME123892	CHS	Southern Han Chinese	EAS	East Asian Ancestry	CHS	1000 Genomes on GRCh38,1000 Genomes 30x on GRCh38,1000 Genomes phase 3 release,1000 Genomes phase 1 release,90 Han Chinese high coverage genomes
HG00690	female	SAME123686	CHS	Southern Han Chinese	EAS	East Asian Ancestry	CHS	1000 Genomes on GRCh38,1000 Genomes 30x on GRCh38,1000 Genomes phase 3 release,1000 Genomes phase 1 release,90 Han Chinese high coverage genomes
HG00703	male	SAME122933	CHS	Southern Han Chinese	EAS	East Asian Ancestry	CHS	1000 Genomes 30x on GRCh38,1000 Genomes phase 3 release
HG00708	female	SAME122940	CHS	Southern Han Chinese	EAS	East Asian Ancestry	CHS	1000 Genomes on GRCh38,1000 Genomes 30x on GRCh38,1000 Genomes phase 3 release,1000 Genomes phase 1 release
HG00534	female	SAME123915	CHS	Southern Han Chinese	EAS	East Asian Ancestry	CHS	1000 Genomes on GRCh38,1000 Genomes 30x on GRCh38,1000 Genomes phase 3 release,1000 Genomes phase 1 release,90 Han Chinese high coverage genomes
HG00558	female	SAME124247	CHS	Southern Han Chinese	EAS	East Asian Ancestry	CHS	1000 Genomes 30x on GRCh38,1000 Genomes phase 3 release
HG00560	female	SAME124456	CHS	Southern Han Chinese	EAS	East Asian Ancestry	CHS	1000 Genomes on GRCh38,1000 Genomes 30x on GRCh38,1000 Genomes phase 3 release,1000 Genomes phase 1 release
HG00565	male	SAME124452	CHS	Southern Han Chinese	EAS	East Asian Ancestry	CHS	1000 Genomes on GRCh38,1000 Genomes 30x on GRCh38,1000 Genomes phase 3 release,1000 Genomes phase 1 release
HG00577	male	SAME123516	CHS	Southern Han Chinese	EAS	East Asian Ancestry	CHS	1000 Genomes on GRCh38,1000 Genomes 30x on GRCh38,1000 Genomes phase 3 release,1000 Genomes phase 1 release
HG00584	female	SAME124663	CHS	Southern Han Chinese	EAS	East Asian Ancestry	CHS	1000 Genomes on GRCh38,1000 Genomes 30x on GRCh38,1000 Genomes phase 3 release,1000 Genomes phase 1 release,90 Han Chinese high coverage genomes
HG00589	male	SAME124824	CHS	Southern Han Chinese	EAS	East Asian Ancestry	CHS	1000 Genomes on GRCh38,1000 Genomes 30x on GRCh38,1000 Genomes phase 3 release,1000 Genomes phase 1 release
HG00654	female	SAME123234	CHS	Southern Han Chinese	EAS	East Asian Ancestry	CHS	1000 Genomes on GRCh38,1000 Genomes 30x on GRCh38,1000 Genomes phase 3 release,1000 Genomes phase 1 release
HG00673	male	SAME123605	CHS	Southern Han Chinese	EAS	East Asian Ancestry	CHS	1000 Genomes 30x on GRCh38,1000 Genomes phase 3 release
HG00685	male	SAME123891	CHS	Southern Han Chinese	EAS	East Asian Ancestry	CHS	1000 Genomes 30x on GRCh38,1000 Genomes phase 3 release
HG00692	male	SAME123684	CHS	Southern Han Chinese	EAS	East Asian Ancestry	CHS	1000 Genomes on GRCh38,1000 Genomes 30x on GRCh38,1000 Genomes phase 3 release,1000 Genomes phase 1 release
HG00700	female	SAME122932	CHS	Southern Han Chinese	EAS	East Asian Ancestry	CHS	1000 Genomes 30x on GRCh38,1000 Genomes phase 3 release
HG00705	female	SAME122927	CHS	Southern Han Chinese	EAS	East Asian Ancestry	CHS	1000 Genomes on GRCh38,1000 Genomes 30x on GRCh38,1000 Genomes phase 3 release,1000 Genomes phase 1 release
HG00717	female	SAME124926	CHS	Southern Han Chinese	EAS	East Asian Ancestry	CHS	1000 Genomes on GRCh38,1000 Genomes 30x on GRCh38,1000 Genomes phase 3 release
HG00591	male	SAME125010	CHS	Southern Han Chinese	EAS	East Asian Ancestry	CHS	1000 Genomes 30x on GRCh38,1000 Genomes phase 3 release
HG00596	female	SAME125007	CHS	Southern Han Chinese	EAS	East Asian Ancestry	CHS	1000 Genomes on GRCh38,1000 Genomes 30x on GRCh38,1000 Genomes phase 3 release,1000 Genomes phase 1 release
HG00609	male	SAME125370	CHS	Southern Han Chinese	EAS	East Asian Ancestry	CHS	1000 Genomes 30x on GRCh38,1000 Genomes phase 3 release
HG00611	female	SAME125198	CHS	Southern Han Chinese	EAS	East Asian Ancestry	CHS	1000 Genomes on GRCh38,1000 Genomes 30x on GRCh38,1000 Genomes phase 3 release,1000 Genomes phase 1 release
HG00623	female	SAME1839285	CHS	Southern Han Chinese	EAS	East Asian Ancestry	CHS	1000 Genomes on GRCh38,1000 Genomes 30x on GRCh38,1000 Genomes phase 3 release
HG00628	male	SAME123085	CHS	Southern Han Chinese	EAS	East Asian Ancestry	CHS	1000 Genomes on GRCh38,1000 Genomes 30x on GRCh38,1000 Genomes phase 3 release,1000 Genomes phase 1 release
HG00630	male	SAME122901	CHS	Southern Han Chinese	EAS	East Asian Ancestry	CHS	1000 Genomes 30x on GRCh38,1000 Genomes phase 3 release
HG00635	female	SAME122902	CHS	Southern Han Chinese	EAS	East Asian Ancestry	CHS	1000 Genomes on GRCh38,1000 Genomes 30x on GRCh38,1000 Genomes phase 3 release,1000 Genomes phase 1 release
HG00406	male	SAME123156	CHS	Southern Han Chinese	EAS	East Asian Ancestry	CHS	1000 Genomes on GRCh38,1000 Genomes 30x on GRCh38,1000 Genomes phase 3 release,1000 Genomes phase 1 release
HG00418	male	SAME122992	CHS	Southern Han Chinese	EAS	East Asian Ancestry	CHS	1000 Genomes on GRCh38,1000 Genomes 30x on GRCh38,1000 Genomes phase 3 release,1000 Genomes phase 1 release,90 Han Chinese high coverage genomes
HG00420	male	SAME122807	CHS	Southern Han Chinese	EAS	East Asian Ancestry	CHS	1000 Genomes 30x on GRCh38,1000 Genomes phase 3 release
HG00437	female	SAME125261	CHS	Southern Han Chinese	EAS	East Asian Ancestry	CHS	1000 Genomes on GRCh38,1000 Genomes 30x on GRCh38,1000 Genomes phase 3 release,1000 Genomes phase 1 release,90 Han Chinese high coverage genomes
HG00444	male	SAME124190	CHS	Southern Han Chinese	EAS	East Asian Ancestry	CHS	1000 Genomes 30x on GRCh38,1000 Genomes phase 3 release
HG00449	female	SAME123885	CHS	Southern Han Chinese	EAS	East Asian Ancestry	CHS	1000 Genomes on GRCh38,1000 Genomes 30x on GRCh38,1000 Genomes phase 3 release,1000 Genomes phase 1 release
HG00451	male	SAME125159	CHS	Southern Han Chinese	EAS	East Asian Ancestry	CHS	1000 Genomes on GRCh38,1000 Genomes 30x on GRCh38,1000 Genomes phase 3 release,1000 Genomes phase 1 release
HG00463	male	SAME123496	CHS	Southern Han Chinese	EAS	East Asian Ancestry	CHS	1000 Genomes on GRCh38,1000 Genomes 30x on GRCh38,1000 Genomes phase 3 release,1000 Genomes phase 1 release
HG00475	male	SAME123342	CHS	Southern Han Chinese	EAS	East Asian Ancestry	CHS	1000 Genomes on GRCh38,1000 Genomes 30x on GRCh38,1000 Genomes phase 3 release,1000 Genomes phase 1 release,90 Han Chinese high coverage genomes
HG00502	male	SAME123361	CHS	Southern Han Chinese	EAS	East Asian Ancestry	CHS	1000 Genomes 30x on GRCh38,1000 Genomes phase 3 release
HG00514	female	SAME123522	CHS	Southern Han Chinese	EAS	East Asian Ancestry	CHS	1000 Genomes 30x on GRCh38,Human Genome Structural Variation Consortium, Phase 2,The Human Genome Structural Variation Consortium,1000 Genomes phase 3 release
HG00526	male	SAME123395	CHS	Southern Han Chinese	EAS	East Asian Ancestry	CHS	1000 Genomes 30x on GRCh38,1000 Genomes phase 3 release
HG00533	male	SAME124353	CHS	Southern Han Chinese	EAS	East Asian Ancestry	CHS	1000 Genomes on GRCh38,1000 Genomes 30x on GRCh38,1000 Genomes phase 3 release,1000 Genomes phase 1 release,90 Han Chinese high coverage genomes
HG00538	male	SAME124343	CHS	Southern Han Chinese	EAS	East Asian Ancestry	CHS	1000 Genomes 30x on GRCh38,1000 Genomes phase 3 release
HG00557	female	SAME124258	CHS	Southern Han Chinese	EAS	East Asian Ancestry	CHS	1000 Genomes on GRCh38,1000 Genomes 30x on GRCh38,1000 Genomes phase 3 release,1000 Genomes phase 1 release,90 Han Chinese high coverage genomes
HG00583	male	SAME124829	CHS	Southern Han Chinese	EAS	East Asian Ancestry	CHS	1000 Genomes on GRCh38,1000 Genomes 30x on GRCh38,1000 Genomes phase 3 release,1000 Genomes phase 1 release,90 Han Chinese high coverage genomes
HG00590	female	SAME125009	CHS	Southern Han Chinese	EAS	East Asian Ancestry	CHS	1000 Genomes on GRCh38,1000 Genomes 30x on GRCh38,1000 Genomes phase 3 release,1000 Genomes phase 1 release
HG00653	male	SAME123251	CHS	Southern Han Chinese	EAS	East Asian Ancestry	CHS	1000 Genomes on GRCh38,1000 Genomes 30x on GRCh38,1000 Genomes phase 3 release,1000 Genomes phase 1 release,90 Han Chinese high coverage genomes
HG00658	male	SAME123241	CHS	Southern Han Chinese	EAS	East Asian Ancestry	CHS	1000 Genomes 30x on GRCh38,1000 Genomes phase 3 release
HG00672	female	SAME123606	CHS	Southern Han Chinese	EAS	East Asian Ancestry	CHS	1000 Genomes on GRCh38,1000 Genomes 30x on GRCh38,1000 Genomes phase 3 release,1000 Genomes phase 1 release,90 Han Chinese high coverage genomes
HG00684	female	SAME123890	CHS	Southern Han Chinese	EAS	East Asian Ancestry	CHS	1000 Genomes on GRCh38,1000 Genomes 30x on GRCh38,1000 Genomes phase 3 release,1000 Genomes phase 1 release,90 Han Chinese high coverage genomes
HG00689	male	SAME123893	CHS	Southern Han Chinese	EAS	East Asian Ancestry	CHS	1000 Genomes on GRCh38,1000 Genomes 30x on GRCh38,1000 Genomes phase 3 release,1000 Genomes phase 1 release
HG00691	male	SAME123161	CHS	Southern Han Chinese	EAS	East Asian Ancestry	CHS	1000 Genomes 30x on GRCh38,1000 Genomes phase 3 release
HG00704	male	SAME122928	CHS	Southern Han Chinese	EAS	East Asian Ancestry	CHS	1000 Genomes on GRCh38,1000 Genomes 30x on GRCh38,1000 Genomes phase 3 release,1000 Genomes phase 1 release
HG00709	male	SAME125334	CHS	Southern Han Chinese	EAS	East Asian Ancestry	CHS	1000 Genomes 30x on GRCh38,1000 Genomes phase 3 release
HG00716	male	SAME123112	CHS	Southern Han Chinese	EAS	East Asian Ancestry	CHS	1000 Genomes on GRCh38,1000 Genomes phase 3 release
HG00728	male	SAME1840267	CHS	Southern Han Chinese	EAS	East Asian Ancestry	CHS	1000 Genomes on GRCh38,1000 Genomes 30x on GRCh38,1000 Genomes phase 3 release
HG00730	female	SAME1840412	CHS	Southern Han Chinese	EAS	East Asian Ancestry	CHS	
HG00595	male	SAME125006	CHS	Southern Han Chinese	EAS	East Asian Ancestry	CHS	1000 Genomes on GRCh38,1000 Genomes 30x on GRCh38,1000 Genomes phase 3 release,1000 Genomes phase 1 release
HG00608	female	SAME125369	CHS	Southern Han Chinese	EAS	East Asian Ancestry	CHS	1000 Genomes on GRCh38,1000 Genomes 30x on GRCh38,1000 Genomes phase 3 release,1000 Genomes phase 1 release
HG00610	male	SAME125199	CHS	Southern Han Chinese	EAS	East Asian Ancestry	CHS	1000 Genomes on GRCh38,1000 Genomes 30x on GRCh38,1000 Genomes phase 3 release,1000 Genomes phase 1 release
HG00615	female	SAME125194	CHS	Southern Han Chinese	EAS	East Asian Ancestry	CHS	1000 Genomes 30x on GRCh38,1000 Genomes phase 3 release
HG00622	male	SAME1839278	CHS	Southern Han Chinese	EAS	East Asian Ancestry	CHS	1000 Genomes on GRCh38,1000 Genomes 30x on GRCh38,1000 Genomes phase 3 release
HG00627	male	SAME123079	CHS	Southern Han Chinese	EAS	East Asian Ancestry	CHS	1000 Genomes 30x on GRCh38,1000 Genomes phase 3 release
HG00634	male	SAME122903	CHS	Southern Han Chinese	EAS	East Asian Ancestry	CHS	1000 Genomes on GRCh38,1000 Genomes 30x on GRCh38,1000 Genomes phase 3 release,1000 Genomes phase 1 release
